Epoch,Train_Loss,Train_Acc,Val_Loss,Val_Acc,Val_F1_Macro,Val_F1_Weighted,Val_Precision,Val_Recall
0,0.6939463110752231,0.7516059957173448,0.06539732356441552,0.9786324786324786,0.9795456774274073,0.9787015720378475,0.9797814207650273,0.9793447293447293
1,0.12058029427974185,0.9635974304068522,0.037650799313525614,0.9914529914529915,0.991995922404075,0.9914596309073315,0.9920236851271333,0.9922222222222222
2,0.05978436467226158,0.9876873661670236,0.004296028394134468,0.9978632478632479,0.9979661831729393,0.9978648478939685,0.9978213507625272,0.9981481481481482
3,0.02945365334945148,0.9919700214132763,0.14551317104291744,0.9764957264957265,0.9778092302364149,0.9766787291059136,0.9799635701275046,0.9793447293447293
4,0.041453778844848334,0.9898286937901499,0.011240232822447575,0.9957264957264957,0.9958088952949034,0.9957490422938738,0.9957264957264957,0.996011396011396
5,0.01790475547241666,0.9941113490364025,4.373406429329948e-06,1.0,1.0,1.0,1.0,1.0
