Epoch,Train_Loss,Train_Acc,Val_Loss,Val_Acc,Val_F1_Macro,Val_F1_Weighted,Val_Precision,Val_Recall
0,1.5649898193384473,0.27186468646864687,1.3630679626213877,0.41914191419141916,0.38966867221193935,0.3760582325933792,0.416946571946572,0.44346318481893066
