Epoch,Train_Loss,Train_Acc,Val_Loss,Val_Acc,Val_F1_Macro,Val_F1_Weighted,Val_Precision,Val_Recall
0,1.2684676000555974,0.39171974522292996,1.0167411190305053,0.5353857041755131,0.5123079836047497,0.5147843966581271,0.5398615834178861,0.5303317131458464
