Epoch,Train_Loss,Train_Acc,Val_Loss,Val_Acc,Val_F1_Macro,Val_F1_Weighted,Val_Precision,Val_Recall
0,1.572893191325037,0.2660891089108911,1.3644809660158659,0.35313531353135313,0.3060710801231163,0.2983484270252908,0.44206594991976117,0.37272388252939676
