Epoch,Train_Loss,Train_Acc,Val_Loss,Val_Acc,Val_F1_Macro,Val_F1_Weighted,Val_Precision,Val_Recall
0,1.5725004680846866,0.27516501650165015,1.3801564793837697,0.40924092409240925,0.377879945902425,0.3723568025764609,0.43333036763065236,0.4169423924525112
1,1.229020913572688,0.44636963696369636,1.1560657040068978,0.429042904290429,0.3686482635559817,0.34704277754397367,0.3440357203771838,0.46828138708461686
2,1.0389230098379285,0.5144389438943895,0.9573290614705336,0.5165016501650165,0.48999066294674726,0.47596023507800944,0.501591726704539,0.542138004165106
3,0.9480180720749655,0.5693069306930693,0.90172320918033,0.566006600660066,0.5564641280308663,0.5398123092772977,0.5672640859622538,0.5921596168346539
4,0.8774128156272989,0.5866336633663366,0.8788693092371288,0.6006600660066007,0.5908221878870473,0.5823689687157387,0.6429791087310932,0.6057443047070473
